source_org,repo_name,dest_org
nova-iris,test-empty-org2-20250601,nova-iris
nova-iris,test-public-org2-20250601,nova-iris
nova-iris,test-private-org2-20250601,nova-iris
nova-iris,test-empty-org2-20250534,nova-iris
nova-iris,test-public-org2-20250534,nova-iris
nova-iris,test-private-org2-20250534,nova-iris
nova-iris,test-empty-org2-20250533,nova-iris
nova-iris,test-public-org2-20250533,nova-iris
nova-iris,test-private-org2-20250533,nova-iris
nova-iris,test-empty-org2-20250531,nova-iris
nova-iris,test-public-org2-20250531,nova-iris
nova-iris,test-private-org2-20250531,nova-iris
nova-iris,test-empty-org2-20250530,nova-iris
nova-iris,test-public-org2-20250530,nova-iris
nova-iris,test-private-org2-20250530,nova-iris